{
    "Scene": {
        "Position": {
            "X": 0.7029501795768738,
            "Y": 0.1440916359424591,
            "Z": -12.634567260742188
        },
        "Rotation": {
            "X": 0.0,
            "Y": 0.0,
            "Z": 0.0
        },
        "Scale": {
            "X": 1.0,
            "Y": 1.0,
            "Z": 1.0
        },
        "N": 4,
        "TimeScale": 1.0,
        "RenderMode": 1,
        "PrismColor": {
            "X": 0.7188751101493836,
            "Y": 0.8884363770484924,
            "Z": 0.32946428656578066
        },
        "Texture": {
            "ptr_wrapper": {
                "id": 2147483649,
                "data": "assets/textures/diffuse.jpg"
            }
        },
        "Lightning": true,
        "AmbientColor": {
            "X": 0.0,
            "Y": 0.0,
            "Z": 0.0,
            "W": 1.0
        },
        "DiffuseColor": {
            "X": 1.0,
            "Y": 1.0,
            "Z": 1.0,
            "W": 1.0
        },
        "LightSpecularColor": {
            "X": 1.0,
            "Y": 0.9999899864196777,
            "Z": 0.9999899864196777,
            "W": 1.0
        },
        "PrismSpecularColor": {
            "X": 9.9999215308344e-7,
            "Y": 9.999999974752428e-7,
            "Z": 9.999899930335233e-7,
            "W": 1.0
        },
        "Shininess": 0.0,
        "ShowNormals": false,
        "Animator": {
            "Enabled": true,
            "Paused": false,
            "AnimationTime": 1.0,
            "CurrentTime": 0.08505579829216004,
            "AnimationMode": 2,
            "TimeScale": 1.0,
            "AnimationClips": [
                {
                    "polymorphic_id": 2147483649,
                    "polymorphic_name": "Color3AnimationClip",
                    "ptr_wrapper": {
                        "id": 2147483650,
                        "data": {
                            "BaseInfo": {
                                "PropertyName": "Prism color"
                            },
                            "StartTime": 0.0,
                            "EndTime": 1.0,
                            "DefaultValue": {
                                "X": 1.0,
                                "Y": 1.0,
                                "Z": 1.0
                            },
                            "States": [
                                {
                                    "X": 0.6873774528503418,
                                    "Y": 0.9729729890823364,
                                    "Z": 0.19910255074501038
                                },
                                {
                                    "X": 0.9216997623443604,
                                    "Y": 0.4285714030265808,
                                    "Z": 1.0
                                },
                                {
                                    "X": 0.0,
                                    "Y": 1.0,
                                    "Z": 0.9880952835083008
                                }
                            ]
                        }
                    }
                },
                {
                    "polymorphic_id": 2147483650,
                    "polymorphic_name": "Vec3AnimationClip",
                    "ptr_wrapper": {
                        "id": 2147483651,
                        "data": {
                            "BaseInfo": {
                                "PropertyName": "Scale"
                            },
                            "StartTime": 0.5,
                            "EndTime": 1.0,
                            "DefaultValue": {
                                "X": 1.0,
                                "Y": 1.0,
                                "Z": 1.0
                            },
                            "States": [
                                {
                                    "X": 1.0,
                                    "Y": 1.0,
                                    "Z": 1.0
                                },
                                {
                                    "X": 1.5,
                                    "Y": 1.5,
                                    "Z": 1.5
                                },
                                {
                                    "X": 0.30000001192092898,
                                    "Y": 3.0,
                                    "Z": 0.30000001192092898
                                },
                                {
                                    "X": 1.0,
                                    "Y": 1.0,
                                    "Z": 1.0
                                }
                            ]
                        }
                    }
                },
                {
                    "polymorphic_id": 2,
                    "ptr_wrapper": {
                        "id": 2147483652,
                        "data": {
                            "BaseInfo": {
                                "PropertyName": "Rotation"
                            },
                            "StartTime": 0.5,
                            "EndTime": 1.0,
                            "DefaultValue": {
                                "X": 0.0,
                                "Y": 0.0,
                                "Z": 0.0
                            },
                            "States": [
                                {
                                    "X": 0.0,
                                    "Y": 0.0,
                                    "Z": 0.0
                                },
                                {
                                    "X": 45.0,
                                    "Y": 45.0,
                                    "Z": 0.0
                                }
                            ]
                        }
                    }
                },
                {
                    "polymorphic_id": 2,
                    "ptr_wrapper": {
                        "id": 2147483653,
                        "data": {
                            "BaseInfo": {
                                "PropertyName": "Position"
                            },
                            "StartTime": 0.0,
                            "EndTime": 0.5,
                            "DefaultValue": {
                                "X": 0.0,
                                "Y": 0.0,
                                "Z": -1.0
                            },
                            "States": [
                                {
                                    "X": 0.0,
                                    "Y": 0.0,
                                    "Z": -20.0
                                },
                                {
                                    "X": 2.0,
                                    "Y": 0.0,
                                    "Z": -3.0
                                },
                                {
                                    "X": 0.0,
                                    "Y": 2.0,
                                    "Z": -2.0
                                },
                                {
                                    "X": 0.0,
                                    "Y": 0.0,
                                    "Z": -1.0
                                }
                            ]
                        }
                    }
                }
            ]
        }
    }
}